"country_name","country_code","yr2000","yr2001","yr2002","yr2003","yr2004","yr2005","yr2006","yr2007","yr2008","yr2009","yr2010","yr2011","yr2012","yr2013","yr2014","yr2015"
"Afghanistan","AFG",NA,NA,179.426610967229,190.683814295088,211.382116942655,242.031284871985,263.733691663044,359.693237501395,364.6607447985,438.076034406941,543.303041863931,591.162759035926,641.871479157539,637.165523187024,613.856689167623,578.466352941708
"Albania","ALB",1126.68331762741,1281.65939343074,1425.12484888368,1846.11881331912,2373.57984371994,2673.78728253113,2972.74326462176,3595.03716321514,4370.54012699014,4114.14011404922,4094.3503344202,4437.14288515077,4247.62998374252,4413.06086120676,4578.6319939825,3952.80121524465
"Algeria","DZA",1764.97382982785,1740.64242309447,1781.83736487376,2103.41305835023,2609.94560777437,3113.10109432814,3478.65487075233,3950.51936900172,4923.62926502041,3883.26127101905,4480.79927130159,5455.85352874953,5592.25709916356,5499.58148704572,5493.02558996263,4177.89251546889
"American Samoa","ASM",NA,NA,8700.06770480704,8856.54745899435,8578.94472277609,8444.98169974145,8391.56106721708,8909.44915617236,9792.66680581646,11961.2582255703,10271.2245225485,10294.3022651052,11568.7930012395,11505.3937142139,11507.2323493037,11843.3311832581
"Andorra","AND",21854.2468030614,22971.535535508,25066.8822109807,32271.9639023596,37969.1749907994,40066.2569185146,42675.8127569297,47803.6936075266,48718.4968691913,43503.1855156769,40852.6667774434,43335.3288618283,38686.4612635075,39538.7667220426,41303.9293714464,35762.523073758
"Angola","AGO",556.836318086553,527.333528536691,872.494491592841,982.960899291112,1255.56404471491,1902.42234554625,2599.56646397608,3121.99563726236,4080.94140992346,3122.78076649385,3587.88379824396,4615.46802807906,5100.09580809767,5254.88233799616,5408.41049555432,4166.97968386501
"Antigua and Barbuda","ATG",10920.8426880891,10370.6711296076,10404.4362134662,10789.950959787,11446.6384702767,12547.6130399103,13989.7156660433,15607.0898690088,16024.3455512142,14113.0772600466,13049.2570545735,12746.2050243357,13272.4413293826,12909.7441775006,13501.5809223367,14286.0931598293
"Argentina","ARG",7708.10099605414,7208.3715665121,2593.40415042466,3349.8061244115,4277.72135064389,5109.85132522621,5919.01203707753,7245.44831728945,9020.87309807194,8225.13717626412,10385.9644319555,12848.8641969705,13082.664325572,13080.2547323367,12334.7982453893,13789.060424772
"Armenia","ARM",622.742139063498,694.42322774468,783.240698647042,930.127321851799,1191.91901957402,1643.7530293611,2158.14369710179,3139.27749894333,4010.85724255226,2994.34254448509,3218.37270660563,3525.80474671153,3681.8574560431,3838.18580148382,3986.23162376713,3607.29669672271
"Aruba","ABW",20620.7006259175,20669.0319688645,20436.8871286309,20833.7616116694,22569.9749851801,23300.0395575696,24045.2724833547,25835.1326676284,27084.7036903653,24630.4537141023,23512.6025956397,24985.9932813737,24713.6980451285,26189.4355088129,26647.938100985,27980.8806952751
"Australia","AUS",21679.2478424147,19490.8611097303,20082.4832672749,23447.0310006717,30430.6764374443,33999.2428575835,36044.9228108485,40960.0544948199,49601.6567082178,42772.3591664498,52022.1255961876,62517.8337471503,68012.1479005934,68150.1070413215,62510.7911705641,56755.7217124249
"Austria","AUT",24564.4582948404,24537.5142629883,26401.7454564357,32222.8972411655,36821.5214680093,38403.1338770715,40635.2818159724,46855.7717452095,51708.7657541758,47963.1794023217,46858.0432733717,51374.9584066934,48567.69528642,50716.7087062864,51717.4959405515,44178.0473777432
"Azerbaijan","AZE",655.097432602586,703.683843432722,763.080637985358,883.64399654717,1045.00937916805,1578.40239029603,2473.08181863536,3851.43786871172,5574.60380218613,4950.29479142375,5842.80578358576,7189.69122920765,7496.29464768263,7875.75695254288,7891.31314749986,5500.31038244408
"Bahamas, The","BHS",27097.6108115725,27486.2367737544,28866.8010141065,28327.2708691945,28395.9246646221,30278.3669222647,30713.7052801382,31472.09897181,30627.2386311725,28552.1904783698,28443.4076553352,28006.3797183913,29485.6209294138,28768.0298936727,29445.030528852,31405.9635601781
"Bahrain","BHR",13636.3962320368,12868.269156127,13049.8032204458,14222.0367965749,15846.5441389804,17959.2554402285,19307.609663318,20976.5435328438,23066.5337586893,19355.9046720264,20722.1372891347,22514.2379458146,23654.3513912828,24744.296958551,24989.4001204704,22688.9443998144
"Bangladesh","BGD",418.068968311378,415.034426620147,413.080254575162,446.310659190362,475.291919786935,499.461940239156,509.640142873216,558.051860266708,634.987056467494,702.264410019296,781.153593557047,861.758444349051,883.105000541313,981.839879150399,1118.8536634927,1248.45339778371
"Barbados","BRB",11268.2540559453,11209.1743119266,11361.433665539,11699.4557629707,12512.5325118786,13822.5916771315,15199.4579730933,16770.7212055974,17092.5821408414,15885.5797142695,16056.3709766031,16458.3532105715,16249.5593937258,16451.1635759912,16489.0722373387,16525.0732500596
"Belarus","BLR",1276.2880341,1244.37318523431,1479.31458271677,1819.76605926177,2378.62328600741,3125.81053502853,3847.43412382153,4735.65760793999,6377.36973201232,5351.35538243278,6029.3967998293,6519.23019498892,6940.15925359735,7978.87261471076,8318.51268992675,5949.10630699748
"Belgium","BEL",23041.5347290428,22995.1575247288,24887.5613341833,30587.6684093796,35364.3753314368,36795.9768819639,38672.7059429767,44262.8960009954,48106.892915788,44583.5448070814,44141.8781415734,47348.5250202016,44673.1158755901,46744.6625441516,47700.5403601178,40991.8081381432
"Belize","BLZ",3364.33293572974,3404.4530174898,3525.63858250311,3650.36652129535,3802.29580765559,3883.19238900634,4153.89473756475,4252.48725022991,4404.33083569354,4186.48996519998,4270.86434454699,4423.48979672175,4505.62130177515,4568.50295763852,4705.60268956266,4775.95564827821
"Benin","BEN",511.40022696311,517.614229562716,572.22879536799,709.690533155786,797.312680014661,822.457830930625,855.294039238491,964.926944015568,1120.88827324575,1084.39390022006,1036.53395164469,1130.27313181143,1145.14081099947,1251.21051783537,1291.40980818577,1076.79771601166
"Bermuda","BMU",56284.1686478094,58883.9594265967,62583.1002034588,66111.7252270036,70359.3191088798,75882.0338560339,83912.6977976846,90849.5869806436,93605.7481653976,88463.3128161375,88207.3275597322,85973.158416455,85458.455507886,85748.0654143782,NA,NA
"Bhutan","BTN",718.187830716068,764.436607362252,845.510279785017,962.096903699603,1068.42177628385,1228.44182357066,1330.9652965442,1757.18256732535,1828.14923277736,1819.2134010249,2258.18314115595,2563.2575266012,2538.94590031276,2472.71430857435,2652.21458893197,2752.66420790266
"Bolivia","BOL",997.582459886835,948.871206629035,904.226627282534,907.537110090057,967.406991954858,1034.31124023689,1218.87445946804,1372.6282248299,1715.20892185853,1754.21106094735,1955.46155736098,2346.33717022581,2609.88081915425,2908.20008548078,3081.87883446506,3035.97221489277
"Bosnia and Herzegovina","BIH",1467.77647716048,1530.81481604112,1769.19982792241,2224.7458643849,2814.9998948741,2980.60210893151,3416.51059575812,4193.3736517833,5090.93234464687,4714.7024950516,4635.51777931783,5092.55194328895,4778.63608845506,5131.39450642932,5329.63504488766,4727.27754622207
"Botswana","BWA",3522.30867806396,3278.0082497438,3190.6154528255,4330.94490040766,5073.5376499682,5520.12471972503,5516.03920965133,5832.733941653,5713.53498332841,5255.76846136181,6434.81565688465,7617.32509421648,7070.37655030163,7224.96517150786,7780.63838460394,6799.87523352768
"Brazil","BRA",3749.75324996168,3156.79871788773,2829.28319217077,3070.91049061377,3637.46238925733,4790.43708777366,5886.46358837728,7348.03079355548,8831.02311697566,8597.91535151623,11286.2430162457,13245.6124995448,12370.0242007149,12300.3248822758,12112.5882059697,8814.00098681261
"British Virgin Islands","VGB",NA,NA,NA,NA,NA,NA,NA,NA,NA,NA,NA,NA,NA,NA,NA,NA
"Brunei Darussalam","BRN",18012.5562597047,16472.1486214944,16850.1511253805,18560.6085730701,21902.0880525832,26105.2790303114,30979.8791725798,32663.5665921613,37934.3765067984,27955.7138629359,35269.5531076448,47055.8411171808,47740.5149015856,44740.085018517,41726.7839720342,31164.5620291141
"Bulgaria","BGR",1621.24296080247,1770.91353394746,2092.95769387611,2719.49765607059,3389.70704883102,3899.90763774017,4523.0508329806,5885.10434781837,7265.73549682997,6984.96597556864,6809.89898414354,7806.34865242499,7393.1891769154,7651.8178806676,7874.26090425646,7053.60370638709
"Burkina Faso","BFA",254.71752910271,266.864155700802,293.280746694164,373.787629424466,417.627063658882,457.751545461446,473.029184890069,534.355886396282,640.810877444643,621.673103384282,647.835846453449,751.172957247699,758.000701423857,787.47017629755,792.846778432074,653.32697954543
"Burundi","BDI",136.46397080034,134.363447507999,123.117627963477,113.567366369381,128.336612834582,151.681463366485,167.376484505492,172.495859926837,198.352900555063,212.136880390025,234.235646874999,249.577979366801,252.358979858344,256.976002796754,274.857947913846,305.549772797441
"Cabo Verde","CPV",1259.32365602588,1292.20278510801,1401.90373253543,1809.08992549778,2024.27524765788,2099.15748405491,2361.38513425545,3186.82689181153,3721.2509487106,3517.40124546087,3378.25485950035,3740.38909850629,3447.5240412173,3615.97904131099,3588.6740539538,3043.01398430098
"Cambodia","KHM",302.577163565133,321.150301305966,338.987262704572,362.335707650169,408.513826347366,474.111227790099,539.750168717216,631.524842114382,745.609180660928,738.054783617506,785.502282874113,882.275492640073,950.880345993697,1013.4204006154,1093.49619050796,1162.90491997151
"Cameroon","CMR",649.991845405048,651.100907498053,707.887567392905,865.958137544256,1009.94312043658,1011.88007278296,1062.13743331336,1194.06985039841,1371.7467084914,1314.70601531227,1286.51557161767,1405.09439231907,1354.54561274707,1465.63884316769,1542.62026621531,1327.50301711492
"Canada","CAN",24190.2496150045,23738.180723841,24169.2847344718,28200.6580773382,32034.3077408421,36266.1871235853,40385.869955477,44543.0410359004,46594.4509535289,40773.061528975,47448.0132198383,52087.446383568,52678.3901234772,52652.5936828278,50893.4467137547,43585.5119817751
"Cayman Islands","CYM",NA,NA,NA,NA,NA,NA,83322.7834434623,85434.2681740934,85187.8402352083,77398.0158439916,73350.7848219067,72328.411640906,72783.320437604,73515.8953177856,74990.4332223775,76280.4862528245
"Central African Republic","CAF",251.206877406698,250.357011372018,260.745527274366,293.661851679435,320.737460311924,331.162924198911,354.671380067866,404.373964962741,464.561422116684,474.705408664923,488.421401781569,551.750096552583,565.800696971217,380.298167643018,424.448751343631,377.423001679447
"Chad","TCD",165.762986567833,196.973697588171,220.375976439973,291.944851631847,453.521817214165,658.304957827585,709.76519509459,798.548001258871,925.636084270572,800.464224935635,892.568720336953,984.735891490329,967.352797482929,979.812409638156,1020.28820350586,776.019532308037
"Channel Islands","CHI",43381.6578397785,41804.3709161492,44544.4334390505,48859.4830207585,56753.3861971042,58197.4493814049,63239.6538290931,74462.646746792,NA,NA,NA,NA,NA,NA,NA,NA
"Chile","CHL",5074.90162375009,4574.59442067573,4446.25050488693,4772.5628196506,6194.85310698418,7598.52512108889,9464.55024290607,10502.3545202737,10751.479674217,10208.9067622861,12808.034586422,14637.2402355403,15351.5513257697,15842.9408052125,14670.996760602,13574.171830724
"China","CHN",959.372483639691,1053.10824300452,1148.5082904417,1288.64325183381,1508.66809788266,1753.41782925823,2099.22943460447,2693.96982683485,3468.30446324747,3832.23595156727,4550.45359583857,5618.13249134962,6316.91886335683,7050.64591988963,7678.599431661,8066.94242356745
"Colombia","COL",2520.48089795902,2439.68183603183,2396.62727370774,2281.40196044815,2782.62305010841,3414.46583317223,3741.09317111969,4714.07254101202,5472.5361334524,5193.24145075546,6336.70921367988,7335.11050963648,8050.05841420756,8218.03399561565,8114.08406910545,6175.87613151279
"Comoros","COM",645.818690802056,680.318541425182,744.475172433634,935.611518034788,1059.17688421808,1068.60032134875,1113.95775719606,1238.46151380518,1387.59462639938,1339.33719065958,1316.49884810552,1447.96358713476,1403.34861983706,1505.34947313614,1513.8303792438,1242.6031895579
"Congo, Dem. Rep.","COD",405.21625299166,153.591009193717,175.009965079978,173.796135306156,194.039962426624,218.386190840192,255.433083829534,286.330492064632,327.563721821663,298.619682051092,334.021572573152,387.082465361488,424.600386118518,457.96372825635,486.787081921552,497.316960805476
"Congo, Rep.","COG",1029.57703685039,868.339950856954,912.278153211367,1026.10767374516,1324.21914154172,1680.20458795157,2064.34452292536,2165.74575859571,2956.26440700407,2314.26602478527,2812.43597442108,3286.69453468035,3032.49388349185,3047.93077321007,2996.91802578845,1762.03201773797
"Costa Rica","CRI",3772.87001153149,3944.73761278777,4024.65189994852,4129.63279072511,4385.3907193055,4654.8248220098,5201.51409470061,6071.78916451552,6859.07902178333,6760.47751541355,8141.91312675461,9121.93251763187,9913.20995852366,10490.0813312933,10547.1518593556,11299.1355423011
"Cote d'Ivoire","CIV",651.305906791064,664.127666289499,716.530265586605,869.712599327674,921.20126728398,930.829818073937,949.131832768471,1061.15402566967,1235.61336575482,1210.29542592526,1213.11264506443,1208.58302649782,1243.2734867584,1415.87175770634,1561.46365461434,1972.54610769746
"Croatia","HRV",4849.53422325482,5391.0915912174,6233.0536821446,8060.25716183708,9662.77596755999,10530.2199096308,11703.3378908279,13962.8475678046,16309.4390148869,14555.9964481135,13923.6285837055,14566.6384689953,13238.1019332831,13642.1936643621,13600.194390748,11782.8990799829
"Cuba","CUB",2747.09857519438,2837.73801762292,2999.24524433842,3197.13375407632,3395.71205023126,3786.66479540796,4683.5661553675,5208.71607293921,5411.27141824963,5529.67036020975,5730.35477459488,6139.71932965905,6497.32111313561,6837.71289192677,7133.34209494342,7694.0119195241
"Curacao","CUW",NA,NA,NA,NA,NA,NA,NA,NA,NA,NA,NA,20146.3864122001,20587.397358013,20462.7179539813,20258.0096948833,19951.3279030441
"Cyprus","CYP",14388.3480609917,14821.4468167502,16093.214611298,20252.2389846021,23792.6213632243,24959.2591697881,26729.3234045802,31244.9262239722,35397.3636837901,32109.2425148579,31023.6383309791,32396.3857437121,28912.1569390403,27729.1926990735,27129.6261211298,23333.7149112129
"Czech Republic","CZE",6011.61522035701,6609.20552986054,8032.89661245767,9773.11750251281,11685.8872407234,13346.1763898857,15183.6360541375,18373.6489976913,22698.8539572605,19741.5976279826,19808.0710912518,21717.4579392202,19729.8705111763,19916.0193873722,19744.5586092159,17715.6168523009
"Denmark","DNK",30743.5476816354,30751.654348268,33228.6935448819,40458.7773986609,46511.5983324305,48799.8256011275,52026.9995142723,58487.0549677696,64322.0635020842,58163.2768762815,58041.3984363385,61753.647131977,58507.5080517852,61191.1937042028,62548.9847332908,53254.8560039631
"Djibouti","DJI",768.17607674712,780.908222642322,791.389478167512,818.86662978308,863.231612341457,904.729748876566,967.668622919565,1052.72565197384,1223.85686092098,1267.31280083416,1343.26872994437,1451.54297984389,1559.24065068226,2312.72880330353,2464.32784119361,2658.97875260181
"Dominica","DMA",4787.78017069474,4883.7236627966,4771.04092651725,4897.44174988112,5217.230415605,5160.22431361932,5518.39910840448,5952.0566685762,6469.14573799801,6902.85716974119,6967.26665433457,7065.06184677542,6848.3942266793,7016.67647144723,7318.10378289945,7596.43506226258
"Dominican Republic","DOM",2869.10586072527,2977.14842791109,3136.15518697774,2445.43589302222,2528.57719913865,3970.32284040996,4134.68378533407,4707.79253191697,5087.98536458932,5039.40259591689,5555.38972190199,5913.43207224236,6110.36965247193,6238.13360822241,6608.82810187508,6921.5172283795
"Ecuador","ECU",1445.27932442901,1894.61516893932,2172.1018772447,2425.85184175715,2691.27808061965,3002.13686727475,3328.88297239765,3567.83643782206,4249.01926210976,4231.61579767847,4633.59035839904,5200.55579014874,5682.04500655353,6056.3308269681,6377.09153014217,6124.49164262072
"Egypt, Arab Rep.","EGY",1450.47624243298,1391.70784569174,1228.93797488055,1138.66467322337,1063.00366302957,1187.51968978388,1398.19062441416,1667.843720526,2044.52785549853,2329.23947996771,2644.81703909751,2791.95496186249,3232.64889178794,3264.37878715277,3378.83135785555,3598.9709482021
"El Salvador","SLV",2001.53800924467,2072.29984244997,2124.10288862918,2209.49650796945,2278.43184290573,2428.56951188864,2631.82041514301,2786.15792171718,2933.39567537172,2858.47963017276,2983.24270784904,3266.04587535311,3428.38473639383,3509.53149262616,3589.04219262897,3705.57794598177
"Equatorial Guinea","GNQ",1725.55473767524,2313.15128886079,2744.20815553402,3618.57609412069,6152.13123760173,10963.2893629413,12857.3360461499,15908.3918313632,22942.5834490967,16667.9368247067,17288.8595992193,21641.8705192127,21711.1532298542,20390.7193153023,19394.0299929972,11283.46560612
"Eritrea","ERI",308.13378356477,316.823820014563,293.955790897214,334.585442902621,407.769976516575,388.595122631048,415.036599442053,439.832690498933,450.63284030614,595.109987185412,501.355633266246,642.507659063694,NA,NA,NA,NA
"Estonia","EST",4075.97063851071,4509.1784599903,5344.8777984536,7206.16648010912,8912.99219516932,10406.3968759176,12631.5677723615,16741.9391245668,18227.1200781939,14794.9707926449,14790.8212220594,17621.5474392795,17534.4215441923,19174.100729108,20367.1026566799,17522.230186252
"Ethiopia","ETH",124.460800271762,120.765781959083,111.927223529279,119.490390988672,136.466255552783,162.432726500352,194.687430455118,244.286037152722,326.436826698931,380.569047862885,341.554114905179,354.479575841347,467.077927241718,499.531572059907,566.926466461984,640.541891313682
"Faroe Islands","FRO",22653.3160466352,24419.7424401392,26732.7904740224,31497.9669213031,35467.1754699443,36205.3705396112,41522.5438571741,47885.6988786829,50866.0810982214,47447.8700366077,48530.2338492813,52083.8891448364,49459.7172338372,54853.6255967876,59440.0307606004,52404.6593331379
"Fiji","FJI",2076.56878431649,2039.62569721177,2260.25839838475,2837.89224620811,3334.93166669792,3659.57932870842,3747.86071607455,4072.10156984329,4167.67028471654,3362.81655514032,3652.52743714193,4371.45751012411,4591.55578402956,4840.69371615802,5605.57033080847,5390.74523711745
"Finland","FIN",24285.4668205162,24946.1891891404,26869.6749036293,32855.1326287803,37702.8453762641,39040.2888825052,41188.0936997302,48414.8450929722,53554.0389224673,47293.9928335042,46459.9732548543,51081.9976703127,47710.7902169415,49878.0432444536,50260.2998588958,42784.6983616432
"France","FRA",22364.0293943406,22433.5557141945,24177.3351674642,29568.385949668,33741.2651469175,34760.1877663866,36443.6234414411,41508.4339850416,45334.1144358246,41575.4187483737,40638.33400426,43790.7320482019,40874.7035053457,42592.9340943342,43011.2631028417,36638.184929157
"French Polynesia","PYF",14323.820820245,NA,NA,NA,NA,NA,NA,NA,NA,NA,NA,NA,NA,NA,NA,NA
"Gabon","GAB",4125.71666351713,3989.55660613452,4121.95864470997,4922.37652559806,5729.29695779698,6888.62714727031,7214.91454358539,8447.0785912062,10212.8194320542,7690.05223487234,8849.35529971507,10809.6464505909,9813.4777028244,9683.57629028674,9663.42923977641,7384.71587003183
"Gambia, The","GMB",594.151642988667,505.420149661362,411.77248040377,335.906216950504,642.75492984273,665.721940653672,662.362460976956,780.380099148097,924.511516430027,833.280402724096,860.637873688125,762.761054131159,742.781137796627,700.514971960668,607.428404115004,649.510829417793
"Georgia","GEO",749.908523611591,801.990413888373,853.516453713318,1010.0079801313,1305.04748557208,1642.76093756395,1996.05712927664,2635.35388202963,3324.73587905411,2822.66743023352,3233.29594347421,4021.74330617286,4421.81824228013,4623.74572473419,4739.18833846421,4014.18594419329
"Germany","DEU",23635.9292203977,23607.8828553922,25077.7290759602,30243.5765296979,34044.0536341248,34507.3688142332,36323.4477421822,41587.2128984264,45427.151677489,41485.9016495139,41531.9341978689,46644.776027968,43858.3630551076,46285.7640688407,47959.9932737599,41139.5445685533
"Ghana","GHA",258.47095948786,269.014998380817,304.564560762479,367.82152164834,417.508164861765,491.946377884101,911.998675616525,1078.16050942235,1210.62225723084,1074.75538037586,1299.34494946039,1549.46290192946,1587.56123719997,2345.39290574885,1971.03334675411,1743.8509964087
"Gibraltar","GIB",NA,NA,NA,NA,NA,NA,NA,NA,NA,NA,NA,NA,NA,NA,NA,NA
"Greece","GRC",12042.9537310995,12538.1788278361,14110.3133911078,18477.578411927,21955.1040911595,22551.735744099,24801.1578065035,28827.3263555224,31997.2820108813,29710.9702950284,26917.7589787254,25916.2935289351,22242.681934771,21874.8195041667,21760.9797994918,18167.7737169162
"Greenland","GRL",19004.1072910304,19275.4733376066,20652.8783287878,27459.7627839484,32023.4522076237,32489.7819085278,35458.1231210482,39780.9514445753,44367.0556497873,44918.5648770756,43988.3324931946,47186.9814680048,45936.7659516989,47535.5899453685,50484.9275739023,44536.4013080999
"Grenada","GRD",5057.17396526767,5040.67046833563,5213.89626884928,5682.59610025871,5741.59863333486,6644.02495959618,6658.540846699,7212.50682187083,7832.42335227049,7290.69710041267,7257.75662232319,7291.05889664338,7444.5047675973,7789.77638079977,8369.88675513221,9096.87064595412
"Guam","GUM",NA,NA,21536.3668753499,22572.0752994287,24395.7976230384,26495.8775773033,26555.6452019565,27542.2261673182,29056.3142936191,30026.5032092749,30700.4340081784,30859.4043533803,32494.5623640591,33265.3811866066,34394.0974809957,35278.9259389693
"Guatemala","GTM",1664.29895827045,1575.42855740399,1710.34146844776,1765.35167674537,1889.69182366014,2101.54181782248,2287.9357153063,2531.2060801227,2848.50315971409,2695.22126447199,2898.94221470448,3281.66750176033,3408.78491640236,3522.77369775434,3779.64232768084,3994.63691288475
"Guinea","GIN",363.482478999068,336.630091885345,343.537341868267,393.739929291085,410.761216116844,322.415681605527,453.403518454163,659.992722954546,715.09682041101,674.085550245057,672.424402562443,651.135363533047,717.050737885584,769.003943268326,787.23807021997,769.256013746016
"Guinea-Bissau","GNB",308.144119293709,319.677491756944,331.493871829946,371.219827429358,404.349136626232,436.302019745415,429.622265888583,493.070496879393,597.576392658105,557.171614773484,557.632132626126,702.742880436386,616.411686249548,634.48244599306,622.481716725217,603.158512942404
"Guyana","GUY",954.404152491261,955.665380611907,974.949193282042,997.210034576674,1056.42388561094,1105.49645364882,1954.13330777809,2331.20034221863,2566.8870846973,2756.81988916377,3033.24772490536,3425.43644063562,3788.14674878178,3934.86526171904,4031.60066245674,4166.12851559884
"Haiti","HTI",467.147558753214,417.762646021673,396.633820807602,332.614778539168,391.034615655408,468.757269552512,508.968806625167,619.812774237648,678.844789796271,672.036997916062,665.627419493396,744.217426799623,769.749380959249,815.820015229786,831.873948899917,815.728284410317
"Honduras","HND",1080.46212866245,1120.55221213452,1122.06394226918,1145.49756077097,1204.47661886887,1296.69595922206,1420.13612093697,1572.0655038891,1727.82770138436,1789.70665110755,1904.34646496881,2088.31530028695,2144.3426111782,2102.59316626494,2206.05193412773,2302.20137936204
"Hong Kong SAR, China","HKG",25756.6637783278,25230.2163329516,24665.8899982779,23977.0194516698,24928.1003722551,26649.750801707,28224.2150609389,30594.0178410231,31515.6627713018,30697.340383517,32549.998231121,35142.4879344543,36730.8767001128,38403.7777145477,40315.2855640552,42431.8882817277
"Hungary","HUN",4624.28165670295,5276.03318905496,6655.33300865319,8421.10331316153,10285.7936270098,11200.5769496264,11475.8227057093,13918.9601910137,15753.4732840195,13046.4810081848,13113.5259617277,14150.9667263678,12918.2475205388,13687.246101281,14246.109801447,12651.5683423004
"Iceland","ISL",32018.0636814331,28793.9607523558,32326.6382384574,39423.9280143386,47367.2781676484,56658.5926679623,56673.6024445347,69054.2707914747,56409.7730986878,41333.418526258,43024.9234853499,47516.8746858993,45910.0205549899,49522.2365873909,54241.9346550193,52564.4291863302
"India","IND",443.31419339174,451.573001074356,470.98678594916,546.726614478728,627.774247283919,714.861013495661,806.753280628799,1028.33477107667,998.522339019268,1101.96084002239,1357.56371913262,1458.10352686177,1443.87952939042,1449.6059123387,1573.88149211052,1605.60543355488
"Indonesia","IDN",780.190200986579,748.257615698969,900.177575713531,1065.64853925461,1150.26131499565,1263.28732054575,1589.80148866142,1860.00276310682,2166.85416700025,2261.24722374577,3122.36281521649,3643.04393616102,3694.34894603237,3623.91158235134,3491.62479085767,3331.69512758628
"Iran, Islamic Rep.","IRN",1670.00946997849,1909.41227771353,1911.67879150172,2253.93613228235,2756.19874219366,3246.05102938326,3774.35784149991,4904.66625185167,5717.31446462719,5709.94798012865,6599.66093791004,7781.40611374433,7927.84690171722,6018.32447332471,5585.52675758303,4904.32687747976
"Iraq","IRQ",NA,NA,NA,NA,1391.96348940291,1855.52200375202,2373.21478464391,3182.94798201412,4636.61097758271,3853.94093481185,4657.28042580536,6045.49555071698,6836.0273134631,7076.55460775667,6818.8046210291,4989.80307473071
"Ireland","IRL",26241.3646146973,28227.7275276623,32541.0986016666,41106.9252651794,47631.0106571223,50878.2236116364,54306.4293166897,61359.7413812502,61262.1005610307,52105.1524837739,48715.1768553933,51848.9097301621,48917.8975571766,51590.1884453629,55492.982676213,61995.4227789928
"Isle of Man","IMN",20322.9461485526,21352.2160500672,24864.4362949409,29520.0322986677,35492.4355277896,37761.0360500591,42106.8011803733,54194.9864112231,70994.4089541263,65031.3318703261,69766.5211886388,77351.9588821432,76104.681367227,80431.6727965138,88974.2286497928,81606.2800333934
"Israel","ISR",21043.5749322433,20306.9322388455,18435.8947627594,18979.3234467797,19896.8177404384,20566.6454898642,21837.3784883786,24924.3309496648,29567.803875678,27715.636808319,30693.5930786871,33669.2464692884,32511.2378524925,36309.4688256886,37678.8897743182,35776.7951710172
"Italy","ITA",20087.5919858794,20483.2159949974,22270.1441234282,27465.6752987224,31259.7164954309,32043.1403684119,33501.6581673044,37822.6652377427,40778.3427367209,37079.7586704546,36000.5201179254,38599.0622070322,35053.5262442572,35549.9746972954,35518.4152916749,30230.2263021296
"Jamaica","JAM",3384.69486090546,3431.41646921996,3599.9731722032,3469.15156513456,3725.10909281175,4089.19844248346,4321.04332724263,4633.94438578828,4917.71839830304,4316.23105265842,4704.05445468166,5111.471413428,5209.85193130013,4989.17139091154,4833.79031821405,4907.50371974316
"Japan","JPN",38532.0408752935,33846.4656414342,32289.3505360726,34808.3909176613,37688.7223359406,37217.648727917,35433.988963743,35275.2284312667,39339.2975731826,40855.1756354596,44507.6763859172,48167.9972684965,48603.4766497749,40454.4474578903,38109.4121125573,34524.4698609337
"Jordan","JOR",1674.82526125655,1744.46360179843,1827.335752764,1902.58990224346,2073.64132134865,2214.01781725196,2548.26865824395,2773.74024212779,3398.15172154303,3504.00246037434,3690.11326778672,3816.27925808967,3877.33934463778,3998.02747275799,4072.76547535039,4105.44896083238
"Kazakhstan","KAZ",1229.00095844501,1490.92708987166,1658.03078544636,2068.12411808473,2874.28829127649,3771.27895733845,5291.57565018652,6771.41479681885,8513.56464506814,7165.22317483703,9070.48825285747,11634.0019047654,12386.7000029472,13890.6317716835,12807.2606866152,10510.7718884148
"Kenya","KEN",397.482658777519,395.329531783431,389.542710991101,429.787843737162,451.668715914539,511.61642223943,685.954532240082,825.666597622313,902.070025813736,905.131786128485,951.687961116879,971.63332904823,1136.87140571776,1210.38801408195,1315.80453537238,1336.88334885603
"Kiribati","KIR",796.888174759841,735.026294655946,826.945280073816,1015.72417177973,1131.14000453575,1214.55666670492,1168.44853098837,1374.45215276949,1428.12051619855,1311.99900201253,1516.81186907787,1735.01835782836,1788.50542068887,1715.76533141614,1642.76259749601,1542.5752495838
"Korea, Dem. People’s Rep.","PRK",NA,NA,NA,NA,NA,NA,NA,NA,NA,NA,NA,NA,NA,NA,NA,NA
"Korea, Rep.","KOR",12256.9935679503,11561.2483689073,13165.0657360554,14672.8574703505,16496.1200942502,19402.5026259549,21743.4774514255,24086.4104391677,21350.427979823,19143.8516053026,23087.2256438476,25096.2638838239,25466.7605170594,27182.7343101935,29249.5752209742,28732.2310762599
"Kosovo","XKX",1087.76240120887,1490.36103250226,1413.53258703188,1638.10473921653,2086.53732547162,2147.46427105376,2237.12659780918,2685.98622183949,3254.82026926105,3209.69410857047,3286.55744309904,3741.87505207304,3596.80465465781,3891.26636343866,4080.33071724595,3603.02550073134
"Kuwait","KWT",18440.3785212446,16587.1776713403,17846.3260571477,22148.378150112,27011.7276502758,35591.0057787851,42781.3664951149,45782.2765557698,55494.9509906458,37561.67266643,38577.4982788212,48631.691300679,51979.1051680637,49388.1374119381,44062.3170375209,29869.5293908248
"Kyrgyz Republic","KGZ",279.619569260939,308.409611591149,321.727033227846,380.506432394744,433.234976590867,476.552129968975,543.110702403072,721.768690838857,966.393627185372,871.224389337854,880.037775119109,1123.8831680627,1177.97473487848,1282.43716202467,1279.76978265986,1121.08283510739
"Lao PDR","LAO",325.186998225846,326.94190759036,320.061517921728,362.821413486106,417.928504195201,475.610713513113,590.63270735226,710.344815049449,900.323671821273,948.653932285177,1140.59920478703,1378.36136494331,1581.39540349425,1825.66511330676,1998.33521471699,2134.71179567796
"Latvia","LVA",3351.23070568401,3566.17111854204,4125.21003421908,5127.59357483893,6343.14352575203,7552.87389420335,9663.37345136659,14042.4624200212,16376.9983633933,12257.2165683051,11348.4062304673,13832.3911780536,13850.6428153434,15041.1744584981,15740.3267490719,13698.9379476476
"Lebanon","LBN",4491.63725889302,4422.38707627011,4579.45959271967,4576.39074592193,4630.78957180601,4575.10551159354,4626.85980796531,5207.79600017537,6111.33241147951,7354.95360478492,7761.6461905722,7674.83535037848,7950.69537825963,7931.08047584526,7686.25602996455,7644.54865718211
"Lesotho","LSO",436.488351988266,405.605313664166,382.190173495711,573.653767611567,753.380786823367,842.813053188004,904.603402216593,863.779631511433,884.962674751359,890.99638326859,1137.27570186144,1308.69006593273,1253.69620212555,1193.71325665948,1223.33303163915,1152.13982724874
"Liberia","LBR",306.832894733147,306.710355401471,306.473736986024,243.089340532418,286.064998942803,294.893036795442,336.11567425435,396.601761281558,478.399937913334,470.947619596855,513.445698620224,596.897081053795,657.936256349955,721.930055405248,721.182794835652,710.383857717515
"Libya","LBY",7142.77445181509,6266.49097233061,3703.04830816852,4673.14391286115,5800.59796851498,8163.01077781973,9336.35666999496,11300.1913436773,14382.5762948433,10275.266564444,12064.7806924218,5554.1791642315,13025.2813934413,10363.7894894551,6466.91027014384,4337.91913919348
"Liechtenstein","LIE",74853.938729354,74267.4864926848,79359.8046734863,89851.9771623056,100265.955125015,105414.442020548,114390.59973152,130655.636959737,143255.981619193,126082.492630969,141200.380010278,158156.599825792,149010.224898665,173058.317372602,178845.631017897,167290.939983907
"Lithuania","LTU",3297.35470084107,3530.14733731891,4146.98792783931,5505.5356688311,6706.96699843928,7863.16200865166,9240.64254797441,12297.9153480396,14961.5681759187,11837.3910271086,11957.0842136065,14354.1883792953,14339.2878672896,15702.143059565,16548.4064052386,14249.1149666026
"Luxembourg","LUX",48735.995492187,48179.4208526047,52930.6411522641,65445.8850307407,75716.3510789884,80289.696409954,89739.7116961301,106018.492790674,114293.84332087,103198.669312625,104965.306078267,115761.507705096,106749.013622989,113625.13289956,118823.648368575,101376.496574339
"Macao SAR, China","MAC",15710.0869270706,15552.9503784141,16315.3636307149,17808.9015073297,22446.33636543,25043.0189453563,29950.7731064328,36352.9184556869,40597.5574823323,40796.9618339517,52253.1553117325,66644.3853449773,76291.8474900231,89287.4540184115,93777.1067959425,75340.9869811152
"North Macedonia","MKD",1854.14595610107,1815.92009071121,1961.20373553606,2408.80011005532,2762.56035837584,3037.75311030445,3325.6358088571,4036.20276983476,4793.44366858209,4544.00883488258,4542.89971678317,5063.78698606358,4698.14129350594,5210.67583028154,5468.48086914212,4840.27312286783
"Madagascar","MDG",293.607157402594,334.441638283939,319.216473953508,368.797194249768,284.48764641853,319.537440228976,338.751126492786,438.655290070345,536.351459479855,467.539754891148,471.959197029823,531.265571840383,518.15295430212,541.066199955123,530.861345678745,467.235399432808
"Malawi","MWI",156.385718599912,150.148955764119,298.433384945159,267.399056501788,282.567084599486,289.555168920514,308.16347571141,332.259144361638,387.605975305468,438.212042916878,478.668589704525,534.951264721663,391.561832360636,348.430269640572,371.269749625713,380.597033140938
"Malaysia","MYS",4043.66205143391,3913.42872623909,4165.72610363859,4461.84768676805,4952.2129750437,5587.02564962339,6209.12450825631,7243.45598744703,8474.58682876228,7292.49444727908,9040.56625117172,10399.372753345,10817.4428742856,10970.1232849014,11319.0797572756,9955.24212653611
"Maldives","MDV",2234.57986558466,3039.33462296316,3049.19761647393,3475.98330493454,3941.43113584887,3639.9665762434,4809.96311494807,5574.45187632955,6614.15914742089,6636.41241602952,7076.66242320238,7291.42764039704,7265.61365556669,7928.45736514824,8499.36576172668,9033.3904129872
"Mali","MLI",269.871137691703,307.436920532829,334.836520639048,392.524758957184,440.168441800791,489.021068995931,523.038603102408,596.690188823963,694.277650085098,698.898921861432,710.274202175837,837.603440597371,778.619285773713,805.032838043922,848.302757966684,751.478668644525
"Malta","MLT",10391.004315879,10346.5533651527,11281.1403073267,13587.8092698066,15063.2051795658,15857.6031575306,16671.5671992638,19375.569601363,21928.7006740562,20675.5825862064,21107.3644349639,22858.5860907173,21916.4115923962,23837.279991256,26008.8277215807,24002.5232912389
"Marshall Islands","MHL",2272.72279471164,2388.54964801058,2515.52797403093,2458.0683178689,2456.24495190543,2568.36114227804,2608.60544766618,2745.438975219,2726.09748282123,2698.17955555556,2876.994996984,3083.83187985353,3224.33838179029,3296.69816291405,3230.02326028787,3213.83728825363
"Mauritania","MRT",676.567658401327,646.116310979754,639.667122369694,717.90037013724,803.777642111225,970.843644819879,1288.14429739368,1351.45684195751,1558.88974344874,1392.46414374343,1610.92390847611,1879.77142715638,1815.21942921145,1892.09548717758,1677.10816613189,1524.07288252212
"Mauritius","MUS",3929.07549503364,3856.62522686864,4018.94889731864,4793.71817900161,5388.06578367365,5282.90602155635,5695.96932704928,6574.65433811493,8030.06300537304,7318.12640972422,8000.37643182154,9197.02697152061,9291.22761861899,9637.00265000958,10153.9382184867,9260.44730250635
"Mexico","MEX",7157.81449985734,7544.56864813643,7593.13779293625,7075.36964299974,7484.48654193029,8277.67125149603,9068.29438701235,9642.68060504911,10016.5713043884,8002.97210649807,9271.39823324639,10203.4208543113,10241.7279153745,10725.1833166036,10922.3760488647,9605.95235103139
"Micronesia, Fed. Sts.","FSM",2171.95024301223,2248.42917525869,2265.88059422592,2295.88965491436,2253.09261430246,2358.28001771429,2406.18291560296,2458.61131323963,2541.40888326589,2721.87035688274,2885.44567636113,3009.19864668922,3131.38671463839,2994.67930442007,2971.45729017367,2906.37678497635
"Moldova","MDA",440.672030653269,507.557658390849,570.972645432751,682.525508823377,897.449958810326,1034.70705816743,1183.37921117185,1531.68547618214,2111.20149504197,1899.01011658378,2437.52997842423,2942.25594861529,3045.73987422417,3322.0384362615,3328.80144892125,2732.45711293733
"Monaco","MCO",82367.9912769359,83734.779981858,90501.3418042666,108627.305660202,123519.805970149,124193.605575991,134044.701161335,169961.383945783,185721.794154104,154762.199426852,150725.194124207,169020.88783177,157515.899069445,177664.115616089,189422.21876884,166011.50913116
"Mongolia","MNG",474.216896516578,524.055307892296,571.592639528765,646.193256289382,797.978685268444,998.831364810828,1334.21168135831,1632.72695225898,2136.56321364601,1714.36054504148,2643.29291416763,3757.5586328813,4351.8869200565,4366.07590145025,4158.52571473091,3918.57917389554
"Montenegro","MNE",1627.07263304394,1909.59870186179,2106.6350684523,2789.15906483509,3380.16512135859,3674.6179242797,4425.67887307803,5976.39414454596,7367.75190910882,6727.10776676969,6682.28115774575,7318.74469026724,6586.7212793222,7189.29328653737,7388.14779373126,6517.16375162528
"Morocco","MAR",1334.94305104384,1339.29357716301,1416.48815826199,1725.45803790064,1952.90183022604,2018.02574307829,2196.01218967016,2499.25993757187,2890.36008322739,2866.92419864666,2839.92516805933,3046.94913644957,2912.65827494029,3121.68117550498,3171.69919227376,2875.25798516781
"Mozambique","MOZ",313.568034141097,291.46773901755,299.683054089599,323.522588695309,381.156592740039,415.348291028051,434.034028823205,480.933520061827,564.479487690857,519.760404713804,471.181692645893,594.586466669704,657.645337819668,664.078211827767,673.969955508106,589.859028149831
"Myanmar","MMR",190.606231910312,137.16832669199,142.082265230195,217.390418948114,217.594282612061,244.88234994012,294.163181308112,406.728689152252,638.149059869843,734.44600674882,979.051630004942,1176.24245336109,1165.79432896131,1162.33144011893,1251.82076450814,1287.43048657119
"Namibia","NAM",2136.44024281489,1906.29260427331,1769.1759103703,2560.77403635788,3396.91193228709,3674.00220069668,3974.52242536964,4356.24451175013,4153.24793794677,4265.25874549596,5318.00693967195,5723.32549028316,5942.27378751117,5377.72732693011,5435.17191125163,4869.37840629792
"Nauru","NRU",NA,NA,NA,NA,NA,NA,NA,NA,NA,NA,4754.0750016078,6568.10258231227,9429.63337725871,9101.91698033437,8829.35671886048,6956.25380055393
"Nepal","NPL",229.4902871214,246.725628999885,244.720823729325,252.40243228149,286.157593788411,315.805629997361,346.945251393727,391.380131359361,470.455547251206,478.173181617538,592.401097450929,699.429337677581,698.466479416086,715.923743046061,743.413381296219,792.552890593381
"Netherlands","NLD",26149.41107829,26873.2759335114,29204.0398310254,35672.2065978453,40362.3947822685,41979.0558457881,44863.3506314287,51733.4421317965,57644.4799749353,52514.0271165323,50950.0343435181,54159.3466126142,50073.0056559308,52184.0618504931,52830.1742328055,45175.2318933798
"New Caledonia","NCL",12579.5951055864,NA,NA,NA,NA,NA,NA,NA,NA,NA,NA,NA,NA,NA,NA,NA
"New Zealand","NZL",13641.1027183822,13882.8568268586,16874.1874918196,21913.7081719961,25420.234882944,27751.0654708859,26671.3294177179,32511.126663932,31290.2537245347,28205.732843583,33700.126039246,38437.543157275,39982.7543013783,42962.9882149803,44553.2822108385,38615.9951849093
"Nicaragua","NIC",1007.50142861723,1034.55158791486,1000.93594760549,1005.73247343454,1080.2681122223,1162.29011254959,1226.6429742834,1327.95969869275,1499.25867804528,1444.37252717198,1503.87042323136,1655.80182373144,1760.45438654986,1811.63919333528,1934.06950834664,2049.84968976149
"Niger","NER",197.524462944643,208.067662233051,227.136278746345,267.853288118922,285.095090736751,321.089836161904,335.341437858856,387.780891114689,473.414671646332,459.424173239709,473.299877491723,508.396568098584,526.35096555995,548.892954823143,562.121844645643,483.339282202639
"Nigeria","NGA",567.930736009565,590.381815034907,741.747511180463,795.386246742987,1007.87432751604,1268.38344331693,1656.42475868056,1883.46131124932,2242.87188553694,1891.33537046421,2292.44515619082,2520.40416579378,2746.99178858383,2998.07284264118,3222.69353725587,2730.4303237015
"Northern Mariana Islands","MNP",NA,NA,21978.7743923314,21381.6073308368,21136.8479893792,18764.8119981607,17715.9013635876,16986.9066806715,17189.9313501144,14669.7913014596,14804.2467250931,13571.0582833444,13827.7696967465,14274.2406542056,15278.9078745141,16690.5700968089
"Norway","NOR",38131.4606116242,38542.715099709,43084.4724650717,50134.8907734947,57603.836021826,66810.478520868,74148.3200757187,85139.9604469545,96944.0956064873,79977.6970817492,87693.7900658099,100600.562407589,101524.141851985,102913.450843674,97019.1827527462,74355.5158575643
"Oman","OMN",8601.25416998664,8475.96413565079,8626.98409704164,9066.3474976355,10126.1161041706,12377.06807379,14420.51705717,15838.4656056123,22139.6404093693,16823.7716507022,18756.979252001,20921.1459820841,21902.5813563661,20926.5540495711,20131.9167222582,16028.7513645532
"Pakistan","PAK",576.195600593124,544.494273782261,534.303882822,599.3763227104,687.836417052676,748.922584598993,836.86052111605,908.095090591223,990.846599619906,957.995680750104,987.409723043923,1164.97612914872,1198.10900052752,1208.90431029644,1251.16410422834,1356.66775582649
"Palau","PLW",7647.92986129286,8085.06654286599,8302.01150888629,7762.22424150639,8299.49665274073,9325.55482533745,9673.94575230297,10159.2180812193,10587.2754491018,10028.4003281378,10219.9275967697,10884.4125105664,11967.3072562358,12688.1972054981,13794.7917848633,15871.8426266629
"Panama","PAN",4060.32449292618,4046.41998052853,4126.24155814134,4267.30332484899,4592.15261354224,4916.91499382773,5348.89529216615,6166.18072053682,7154.274496019,7576.14046655482,8082.02845866252,9358.25147451101,10722.2836326295,11889.1276274385,12796.0700430496,13630.3079737945
"Papua New Guinea","PNG",602.186902266008,515.684607768824,491.834308148948,568.246439882367,618.036897690386,749.186396205756,1256.97889113323,1401.94718173894,1672.95078393202,1626.31239929579,1949.35251838561,2406.90967879579,2790.67666914736,2729.89190578265,2920.78372080202,2679.34558781427
"Paraguay","PRY",1663.60525171951,1565.05371192641,1300.85142610263,1365.41641811806,1679.49717143909,1843.63379108317,2271.09003761933,2976.82550327827,4041.58387643025,3624.57105807169,4355.93493867734,5322.96375987671,5183.08287691315,5926.83286284344,6102.94323272326,5406.70385708338
"Peru","PER",1955.58800627896,1941.47563173441,2021.23974003736,2145.64318305231,2417.03550061566,2729.49868238345,3154.33123689413,3606.07043477475,4220.61696939508,4196.31279301889,5082.35475666351,5869.32307961474,6528.97221785312,6756.75276926556,6672.8802554854,6229.10169612596
"Philippines","PHL",1072.80906433929,990.563896173926,1036.1593134493,1048.00819194296,1121.4896323006,1244.34904099492,1452.43865554733,1744.64031267874,1991.23154166581,1905.89471052597,2217.47400856616,2450.73365615789,2694.30547297894,2871.43090178415,2959.64845212051,3001.04037106857
"Poland","POL",4492.72760355938,4981.1986188017,5196.93292103894,5693.37776322597,6681.17881781198,8020.96316435897,9038.65480730812,11255.379833753,14001.3815599165,11527.5344226464,12599.5335818707,13893.509259001,13145.5392627865,13781.0626053813,14347.9145754456,12572.4266045561
"Portugal","PRT",11497.7534604525,11724.6114954602,12875.3207922585,15762.9757897367,18031.0004215768,18773.1253616354,19822.8460287336,22782.0946224629,24847.545135091,23059.7974457294,22498.6908586557,23186.9131283278,20564.8898617969,21647.0418118869,22074.3007634216,19242.3664710981
"Puerto Rico","PRI",16192.1269719638,18123.1987019918,18731.4593897378,19557.1202492358,20988.9923326534,21959.322696986,22935.9411586313,23664.8823485096,24898.3345857045,25768.7258883384,26435.74878578,27278.8830499205,27944.7338937424,28513.1657351067,28981.4573305866,29763.4883013861
"Qatar","QAT",29976.117039047,28517.2672052928,30214.8590095562,34517.7550921858,42124.8290055486,51455.5941945775,59530.1535400938,65421.7527679693,80234.4700713492,59094.4449369175,67403.1602978106,82409.5803345471,85076.1479273998,85050.9109716822,83858.5283798723,63039.0165548075
"Romania","ROU",1659.90763954548,1825.17980455979,2119.88267323918,2679.41190951209,3494.94451718304,4617.92901643258,5757.4964285719,8360.16632132485,10435.0439841037,8548.11867218639,8209.9194562169,9104.99562203019,8535.0468756267,9555.2442173314,10026.9735781794,8977.43738227167
"Russian Federation","RUS",1771.59405905827,2100.35251171829,2377.52957748244,2975.12535330125,4102.36483299792,5323.46308263384,6920.18912483291,9101.25504905672,11635.2729337888,8562.81327716515,10674.9957825675,14311.0843159612,15420.8745413273,15974.6446270517,14095.648742954,9313.01362484996
"Rwanda","RWA",218.680162740555,203.456871452234,199.067329815645,215.748981535709,240.649293629715,291.996686244083,368.248892864394,440.330180877078,545.755100548481,582.057276797353,612.343699051263,671.509939994776,728.697297125371,726.180156859823,747.000511564279,754.906789007641
"Samoa","WSM",1542.06673580116,1557.01717959599,1633.03543188794,1909.12217089109,2353.54821859811,2590.41779087481,2796.57024604136,3133.6541130672,3379.08209283546,3168.17670633226,3566.36237812576,3933.45935710691,4022.19911964814,4037.50931467981,3937.75871176418,4073.66600980642
"San Marino","SMR",36601.8275523984,38739.1586025034,41464.7464336905,51268.3341788181,59562.8887353144,60900.5432888271,64248.0506989351,72709.7968797872,78643.5506479242,66722.6993075554,60239.3407070333,57286.6550002958,49985.349570181,51572.5681707239,50806.5343783866,42650.3172583365
"Sao Tome and Principe","STP",NA,524.687994785979,577.64015656774,678.692839578995,745.315451889244,866.504995638803,883.069731483083,896.85161204896,1098.76806096801,1067.91412455968,1094.71071732287,1263.86802227704,1340.52770210677,1577.01827831712,1782.79805936252,1595.86463222251
"Saudi Arabia","SAU",9171.33014480091,8684.64740070286,8695.40007245023,9609.96697474024,11185.1333681643,13791.4462936446,15384.7401519267,16516.6236201086,20078.2577898075,16113.1424853358,19262.5476811757,23745.8016143404,25243.3586984024,24844.7443709487,24463.9031638501,20627.9327820675
"Senegal","SEN",604.654066013211,615.268471723706,656.622707739447,823.721145085384,940.551691829693,993.932041095639,1040.90399425621,1222.3729182258,1411.92933206154,1317.23568742745,1280.22546972155,1373.52078902067,1329.98137880303,1376.06981577192,1396.65822533925,1219.24866243037
"Serbia","SRB",914.785509260555,1727.28119565526,2283.84668494941,3005.42635224484,3502.80315340635,3720.47915467431,4382.61727851692,5848.47640545105,7101.04014116862,6169.11419477823,5735.42285659849,6809.15980400146,6015.94522756969,6755.07351070594,6600.0566499116,5585.1178082606
"Seychelles","SYC",7578.85105298846,7663.13708026446,8331.2619970042,8524.96123557779,10176.6587120064,11092.5107357824,12014.3998729502,12154.8299372808,11122.8620677142,9706.95605963959,10804.6844747547,12189.0951601357,12006.68296237,14765.6739800428,14700.3343006837,14745.3414415607
"Sierra Leone","SLE",138.698692243778,229.375514781377,252.396210279162,266.447110343097,266.569567539112,292.349325247085,323.389184871498,360.372141808683,408.48074207499,391.201005316528,401.835001366837,448.337525527861,566.378656937493,716.835304734774,714.700712388696,588.228452702849
"Singapore","SGP",23852.3270285975,21700.0200458315,22159.6888632741,23730.1524496489,27608.5373712744,29961.2632774569,33769.1541633501,39432.9383493761,40007.469261214,38927.2068817715,47236.9602345421,53890.4287270504,55546.4885386921,56967.4257940383,57562.5307937678,55646.6187469505
"Sint Maarten (Dutch part)","SXM",NA,NA,NA,NA,NA,NA,NA,NA,NA,NA,NA,NA,NA,NA,NA,NA
"Slovak Republic","SVK",5413.15062068807,5717.21708969017,6533.55321303732,8712.69879312059,10671.8218610632,11685.7548224391,13159.7594413964,16085.6115233381,18677.2927109318,16531.6705140706,16727.2913264619,18338.3622288437,17460.0468093549,18236.9807888867,18670.9301711227,16309.073235592
"Slovenia","SVN",10201.3035366727,10479.759432707,11777.1555078451,14849.0369516333,17233.1385611279,18098.9087305,19672.9654929018,23787.6466923136,27483.3369524581,24694.2305557835,23509.5433941493,25095.1326282071,22643.1002515007,23496.6023059673,24214.9220717273,20881.7667686947
"Solomon Islands","SLB",1054.38824573508,944.614034082747,784.64982718644,744.352554630394,818.058867255192,880.812991375656,949.337600133404,1048.65001454843,1208.33861780089,1160.30164763159,1290.39878585913,1722.41812107591,1913.23201256373,1977.45140452319,1996.78118438995,1914.46792975705
"Somalia","SOM",NA,NA,NA,NA,NA,NA,NA,NA,NA,NA,NA,NA,NA,NA,NA,NA
"South Africa","ZAF",3032.42713820462,2666.47490998748,2502.27700465337,3751.2828130871,4833.62751660714,5383.65654250984,5602.01104380458,6095.62243887023,5760.80528723832,5862.79734021167,7328.61562893966,8007.41284634441,7501.4699839525,6832.45689096701,6433.18727662894,5734.63362915331
"South Sudan","SSD",NA,NA,NA,NA,NA,NA,NA,NA,1669.49241411244,1337.88208418369,1535.70818396841,1516.40391483427,1179.73982772896,1779.4693342398,1322.8202385055,1119.65133267823
"Spain","ESP",14713.0657111519,15355.7031663439,17025.5319828692,21463.4426577449,24861.2827964413,26419.2968638221,28365.3134896346,32549.9709785513,35366.2596011983,32042.4740786617,30502.7197080776,31636.4463142558,28324.4293363918,29059.5479522321,29461.5503337389,25732.0183647454
"Sri Lanka","LKA",869.696516609157,832.803440237058,867.491213740342,982.195645858104,1065.78443680197,1248.69818517034,1435.8171774712,1630.38890604323,2037.32210302668,2090.4018261396,2799.64887619972,3200.83382914016,3350.52187589289,3610.28936304898,3819.25352972265,3843.78067184442
"St. Kitts and Nevis","KNA",9836.19556760016,10660.4117348421,11011.3795768453,10631.4069939305,11424.9728962189,12329.6610095808,13612.7677985343,14426.8321232614,15590.5287875818,15388.3672351131,15508.7681119997,16538.1714353341,16044.7054788266,16684.9530184254,18052.0359647472,18029.3255386512
"St. Lucia","LCA",5950.35119596624,5642.92726969188,5646.45653483236,6150.92136926062,6591.8491784908,6948.82145404429,7669.07435065204,7970.03570061152,8456.69463217739,8137.84549438738,8540.41437824647,8983.4366734688,9086.79946207544,9378.56236298604,9843.91581872176,10093.8997626748
"St. Martin (French part)","MAF",NA,NA,NA,NA,NA,NA,NA,NA,NA,NA,NA,NA,NA,NA,NA,NA
"St. Vincent and the Grenadines","VCT",3676.43964197256,3985.68340157463,4272.86089756834,4447.74381308547,4810.29850257217,5070.51270247543,5625.3513902658,6307.21409590353,6415.80961733554,6232.71936134053,6292.78948709922,6242.19533244977,6390.31063156115,6639.60714595024,6684.80736732912,6920.87807380804
"Sudan","SDN",366.172807593807,383.015998737117,418.251841315996,484.844735148119,573.306926117939,689.209556966579,905.309744891891,1128.41034965442,1304.5330505517,1163.79695168321,1401.47747416771,1437.7732945888,1457.89458202637,1557.22831003842,1709.99960541964,1909.73875450207
"Suriname","SUR",2012.26028656387,1750.55837080141,2267.72106563212,2611.35608621247,3006.18932222207,3590.62661631518,5197.7170468316,5744.75972670722,6831.97041053749,7408.3891106583,8255.7968587048,8263.17292305383,9201.00878530056,9402.23313695562,9472.00759951427,8561.97417855142
"Eswatini","SWZ",1728.70533953017,1521.76761981843,1405.44185636161,2148.61993542738,2699.13340186438,3083.82623244748,3176.70033780248,3327.44187456422,3137.39611518715,3385.84292591115,4168.50517706719,4496.60037883323,4527.66898764161,4230.3440556779,4038.55722839918,3689.51870561216
"Sweden","SWE",29624.9126748618,27247.857734793,29899.1952495081,37321.7979047059,42821.6731423358,43437.0631164776,46593.6021646111,53700.0053363063,56152.552340314,46946.9602719954,52869.0442891587,60755.7595508465,58037.8213192173,61126.9431963979,60020.3604576572,51545.4836095322
"Switzerland","CHE",37868.3230595798,38538.9900530944,41376.3939853959,48087.5831393144,53340.147655778,54952.6737181498,57579.5019538092,63555.2374995504,72487.8459296849,69927.4687701171,74605.7210207051,88415.6280609527,83538.2300783858,85112.4643984141,86605.5633762421,82081.5971239792
"Syrian Arab Republic","SYR",1177.62926773348,1258.44732163638,1263.25512201019,1253.39514553421,1407.17842434898,1571.73840701932,1748.90568010465,2032.62348932701,NA,NA,NA,NA,NA,NA,NA,NA
"Tajikistan","TJK",138.428879512683,171.047983362588,190.00250025609,237.75744423262,311.627324802736,340.583032738899,408.838590699258,526.642915434768,715.86511053556,676.12341925805,749.552711015842,847.382101810518,969.296473144289,1048.22729256115,1104.17168941376,929.095857223746
"Tanzania","TZA",410.952327593101,406.538668558325,411.97234578502,431.279693134905,459.259282513861,492.63137929182,485.497487404515,552.839529600341,687.390445540348,695.216776812045,743.403784726004,781.437014324276,867.867680563228,970.416938425046,1030.09291747653,947.933446487903
"Thailand","THA",2007.73517506683,1893.26405987891,2096.18799866778,2359.11686709087,2660.12699829331,2894.06265596401,3369.54340286988,3973.01699148237,4379.65852387961,4213.00633872183,5076.34017438708,5492.12125590558,5860.58250725599,6168.26298501219,5951.88370233604,5840.04652294326
"Timor-Leste","TLS",415.083478663174,529.790252241191,508.791688062428,517.784614613238,453.476717474088,464.519637518525,446.457749720332,523.733697739796,614.432392342903,676.622759421761,806.40786170986,947.513730419925,1013.05045122024,1210.03329624593,1232.45683164031,1334.6619555193
"Togo","TGO",302.206394294343,292.567357624045,326.855600126755,396.030044051086,412.589391962308,406.400950539125,407.694697892417,449.144232824439,544.147523365142,538.441951576399,534.044366810198,587.097136792467,571.806723944167,621.398853574683,640.934219628827,570.910279013434
"Tonga","TON",2065.50266053231,1840.29149505345,1845.41859481147,2033.79090064263,2288.59301514701,2598.24720009345,2892.03918225118,2925.91276038663,3380.61335096516,3062.53309062159,3553.22061448636,4084.6241317437,4597.74230534531,4428.56648134984,4393.9408110033,4320.63799011384
"Trinidad and Tobago","TTO",6435.16468252829,6939.80118408553,7053.0708041133,8807.90037861,10293.805414705,12327.2331723195,14102.4958480936,16539.8781077283,21204.1049703496,14514.1417224997,16683.3553787376,19034.1491966652,19157.4170366712,20143.6644489582,20270.8593716518,18289.704340369
"Tunisia","TUN",2211.82681728547,2253.04470970244,2344.41353342533,2760.41431350156,3111.38270290128,3193.20656949373,3370.03392588511,3775.75001016077,4307.15587838971,4128.46278261191,4141.97635336459,4264.67494604737,4152.67858707583,4222.70324540611,4305.47416504834,3861.68853113497
"Turkey","TUR",4316.54890677774,3119.56579023258,3659.93986846178,4718.19980755343,6040.60769788063,7384.25162790172,8035.37733812325,9711.87359397556,10854.1722529151,9038.5201501726,10672.389245603,11335.5105095101,11707.2597121001,12519.3914258819,12095.8545718135,10948.7246069027
"Turkmenistan","TKM",643.174725992465,774.482830739193,967.890164732092,1283.9112634525,1453.91623815764,1704.41753105704,2136.47432207796,2600.36929181095,3904.46371937896,4036.4559987796,4439.20038235805,5649.95227819669,6675.18565772239,7304.28713230982,7962.23909840679,6432.68070195019
"Turks and Caicos Islands","TCA",NA,16629.3422333472,15784.6035640496,16382.9371076726,18187.2213483146,20533.9162526615,24561.6505052567,25456.3021227579,27648.3440164092,22019.6577315714,21028.4081445193,21835.0831410852,21009.8858098984,21328.9790101062,23296.3369051995,24832.5963703066
"Tuvalu","TUV",1462.85469981826,1391.45349501539,1610.14946238103,1874.46828495417,2182.07838763698,2183.90988927071,2263.12860136197,2644.59192126779,2936.80625962623,2599.87301181428,3022.17650716397,3640.72324004977,3507.94065504737,3454.82869218249,3398.70648337631,3197.77225194394
"Uganda","UGA",261.868997701026,239.473185932773,245.500079364729,243.901526379506,296.046936103797,325.590373610891,347.990356815413,416.898619395623,467.900570300656,793.48328551099,815.873679131482,825.838435186254,783.717921018288,803.509373918698,876.354300461581,840.401571455767
"Ukraine","UKR",635.700535075575,780.321178870619,878.618748941345,1047.50279047739,1366.01647647823,1826.93139114817,2300.76970925872,3065.61129390842,3887.24233680525,2542.99542417522,2965.13971520617,3569.75812083898,3855.41772856732,4029.71125162545,3104.64320609541,2124.6623187838
"United Arab Emirates","ARE",33291.419366353,31280.7842785952,31567.4737120596,33499.0937513705,36333.2498445266,39365.4339019123,41907.405655968,41809.516382842,44498.9342301633,32024.1816031187,33893.303514039,39194.6766208456,40976.4997112455,42412.6302780364,43751.8388860721,38663.3838066363
"United Kingdom","GBR",28149.8700107891,27744.5064592461,30056.5862179301,34419.1479145952,40290.3139710116,42030.2866138136,44599.6975685697,50566.8265956828,47286.9984928367,38713.1374283353,39435.8399018505,42038.572250193,42462.771568145,43444.533001954,47425.6076805194,44974.8318771782
"United States","USA",36334.9087770589,37133.2428088526,38023.1611144021,39496.4858751381,41712.8010675545,44114.7477776705,46298.7314440927,47975.9676758856,48382.5584490552,47099.9804711343,48467.5157769259,49886.8181094923,51610.6052783379,53117.6678308301,55047.7255604544,56822.5188202456
"Uruguay","URY",6875.02132755276,6284.45590044928,4090.89926742495,3624.19805243342,4120.55661101242,5226.93780572011,5887.84870337557,7026.51149120618,9091.0790391692,9451.93244869934,11992.0166261774,14236.681188686,15171.5846634188,16973.6742130217,16831.9729440778,15613.7642726429
"Uzbekistan","UZB",558.226802377,456.706289511583,383.343067990742,396.377979026633,465.119886944025,546.776850185552,654.283837283285,830.407694204322,1082.28602501699,1213.26532816388,1634.31209539718,1926.29299673401,2137.025122118,2281.41097296841,2492.33664277468,2615.025134487
"Vanuatu","VUT",1470.57226526613,1363.11301571423,1354.18616851825,1580.54244363005,1788.08716695791,1887.22657627559,2049.61885568896,2398.61262459488,2705.59765800081,2649.61814352873,2966.85711598678,3264.5370165591,3133.09020920348,3124.23307756588,3088.25830265504,2801.93984778858
"Venezuela, RB","VEN",4842.03720158812,4986.6755860435,3700.87959262076,3272.61502369118,4325.69675587558,5504.97682392969,6833.37789380195,8454.46674316342,11432.7438562616,11765.1001763251,13825.3580883312,10955.3499126366,12985.5053251065,12456.7124535391,16054.4905130962,NA
"Vietnam","VNM",390.093326052633,404.807866242848,430.052867139077,480.579799221457,546.909605842251,687.479735592231,784.37242227845,906.284198109134,1149.4246418463,1217.26855530412,1317.89070617836,1525.11598800104,1735.14127643805,1886.67189633671,2030.26195473318,2085.10148409879
"Virgin Islands (U.S.)","VIR",NA,NA,30126.255644641,31823.1249884799,35024.4774908497,40929.7951205119,41560.9341982634,44333.0656550273,39207.0037546472,38771.2743877127,40043.1901659314,39144.1657740184,37849.7287205036,34819.1477546185,33573.0970301435,34797.14046978
"West Bank and Gaza","PSE",1476.17185000238,1335.55319529359,1156.21747345769,1257.69857009689,1337.56572430673,1455.18787518115,1441.46170046742,1575.56340027289,1857.89051544595,1970.18296337398,2354.12598671847,2695.19385339015,2834.02152463393,3060.3123893102,3046.82179844817,2967.85174651975
"Yemen, Rep.","YEM",554.448633427793,550.360241677081,579.852920528358,620.382758672096,709.965306138625,832.844488626279,921.418443941266,1017.29200069786,1229.24684321745,1116.08459430356,1334.78484461341,1374.62128512758,1446.53635351496,1607.15236498904,1673.14635369478,1395.43963317477
"Zambia","ZMB",345.689554372848,382.94117849531,382.242172375719,435.45808332532,538.591506409662,702.740940632375,1047.91918744918,1124.29058597692,1394.00060846687,1159.90776214745,1489.45930583593,1672.90825103652,1763.07273337195,1878.90700132351,1763.05729765435,1337.79611014087
"Zimbabwe","ZWE",563.057741053574,568.385909190556,530.530579398693,478.007404969228,482.998411302845,476.555323602915,447.854924165548,431.787188267027,356.693349652722,771.598785915315,948.33185445926,1093.65400227511,1304.96980167411,1430.00081795572,1434.89934002278,1445.07106198798
